Close,Open,Volume
57.76641082763672,58.50700583824745,18557200
57.08506393432617,58.14411500993444,18178700
57.625694274902344,57.2998363220032,22039000
58.78843307495117,58.240394319659465,22044100
62.20998001098633,59.54383914057377,35213100
61.469390869140625,61.09168580099547,25056700
62.6395263671875,61.82487299840174,28418800
63.32086944580078,64.05405687835484,27335400
62.35810470581055,62.83208511433579,23154200
62.72098922729492,62.00261120910705,21183400
62.39512634277344,62.20997759991654,9688500
63.920745849609375,62.639519799917245,24080200
65.32789611816406,65.5278599685876,29332500
64.21699523925781,65.76484181098284,22748800
62.88393783569336,64.03926447881561,32752300
62.11371612548828,61.98781065807492,29040100
62.254425048828125,62.25442504882812,22490500
62.43217086791992,63.617121929705874,25806800
62.5728645324707,62.95056953174262,20994900
61.958187103271484,63.3801283007631,28453000
59.891929626464844,61.42496130494411,31397700
63.1801643371582,60.35849889623737,24131300
63.5356559753418,63.320882712667256,17489000
63.50602722167969,63.913356770098794,19179400
65.17237091064453,63.506031881679185,24535400
66.74983215332031,65.28345706727745,24915800
67.6829833984375,66.98682222039731,26598600
67.69779968261719,66.65355789676106,24815300
69.51966094970703,68.4680116607035,47888900
68.1125259399414,69.1419525815344,34555300
67.81629180908203,67.47561874750649,22804400
65.80187225341797,65.92777206195328,29624900
66.28325653076172,66.2388226361529,20774700
63.431968688964844,65.80187064587668,36259300
63.56526184082031,64.01702518339114,22690600
63.61711120605469,64.13552544248292,14561000
64.72061157226562,64.20219721243762,23591200
64.03925323486328,65.23901356890123,24413800
64.83169555664062,62.66915922656124,37212500
68.34211730957031,64.07628780258126,51028300
73.80029296875,73.29668814213312,42191500
73.83732604980469,74.20762358395676,38621400
75.51847839355469,73.08191999324369,30533200
77.81432342529297,77.34775056741823,55305300
74.40017700195312,79.23626170660964,53060200
72.43848419189453,73.66899126451911,41051200
74.83027648925781,72.67688495830022,33107000
74.43805694580078,74.93025976180763,24321500
70.44659423828125,73.04604660148378,37172800
68.4239501953125,68.43932896670147,47128500
70.08513641357422,70.66962950034782,37906100
72.52308654785156,71.44639059299871,40663500
73.89971160888672,73.37675121184719,46080900
75.99156951904297,74.85335272928464,25374600
74.29193115234375,75.7608531275772,29489800
74.17656707763672,74.98409039816345,26309600
74.53034973144531,73.98430652954121,23122800
73.23831939697266,75.13791168062203,22505500
73.32292175292969,73.59978663228489,16274200
72.69226837158203,73.32290358103799,38228800
73.73052215576172,74.07660027208449,22007500
73.52287292480469,74.1535082210726,17981400
74.56879425048828,74.43036184693614,22457700
75.3224868774414,74.42267327528526,16914000
73.14602661132812,74.876428869969,25764400
74.25348663330078,73.31522312764841,22615800
74.69953918457031,73.44596101978608,19946600
73.17678833007812,74.32269748972934,26887400
72.2923583984375,72.146233668749,16515800
71.80785369873047,73.1383375420235,16822600
71.83091735839844,71.9001306282482,23674700
70.82344055175781,71.76170406965947,24980700
69.65445709228516,70.45428815544763,14812600
67.43185424804688,68.97768192387724,34550900
65.67838287353516,66.60895408813332,29635700
61.871490478515625,64.02488225885469,39058200
60.81786346435547,59.94112692384289,38943700
59.987274169921875,60.81786860509489,37069400
63.19428253173828,61.87917765549138,49408800
64.7554931640625,65.3861283963341,56032800
64.05564880371094,66.27825396533181,47492200
63.77109146118164,63.955671931438864,31473600
63.448081970214844,63.79416007031686,27364600
62.917415618896484,63.00970583900929,34032200
61.77920913696289,62.71747266046789,30906600
61.34083557128906,60.9101537102632,25204100
58.82598876953125,59.625819909363095,37050200
58.09536361694336,58.6567796444282,31905000
60.51792526245117,59.50275636679237,33933400
59.910377502441406,59.25667110367867,27737200
59.84115219116211,60.31028392880625,26086800
61.633079528808594,60.510241490742494,23828800
61.37159729003906,62.94818236142186,29305300
59.81808853149414,60.53332177220395,30631700
61.41004180908203,59.81807223822298,29984300
62.494449615478516,63.071250452045454,38372000
63.77109146118164,63.29427324848591,27632800
64.63245391845703,62.9251225877466,35176800
64.83241271972656,64.60169005110698,24607700
64.7939453125,64.72473204489631,27450600
65.92447662353516,65.29384141654815,19834500
66.63970947265625,66.35515234510736,16147900
66.30131530761719,67.07807520561892,41369800
67.86253356933594,66.28594827315435,26258900
69.1391830444336,69.21608863608068,25142400
68.03172302246094,68.83155407559828,18431900
68.10094451904297,68.93922546285347,14932800
69.69291687011719,67.86253199458174,27004800
67.29341888427734,69.04689217468723,26959100
65.01698303222656,66.90888884015607,36291100
65.03235626220703,64.11716978161022,28689500
62.971248626708984,63.140444425827035,31050500
62.848209381103516,63.31734111763442,22634500
62.809757232666016,63.14045657616536,33610300
59.53352737426758,61.02551456950097,56914600
58.064605712890625,58.14151130192019,26725700
58.44914245605469,59.06439893417931,20981000
57.94924545288086,56.911005313238036,32228300
55.834312438964844,58.78753538362772,31943300
57.38783264160156,55.972745053183054,22394300
60.02573776245117,58.833680452035495,28825700
61.10242462158203,61.52541419115451,26052000
60.59483337402344,61.22546853454203,18636600
58.87982177734375,59.21052112609407,27471300
57.75697326660156,58.079980237422674,26721000
57.4262809753418,56.91100704945037,12474200
57.1417236328125,57.172481172644325,26472200
57.68007278442383,57.41090028493394,23138800
59.35664367675781,59.41817049925878,34251200
57.98769760131836,59.08746449240875,24149200
56.011199951171875,57.02636904335167,22076800
56.18039321899414,55.37286985329213,22460000
55.98812484741211,56.10348029591046,22980800
52.25814437866211,54.21926922972417,57715800
52.581153869628906,51.91206294601743,36589000
52.8580207824707,54.134669996939394,22131300
52.9733772277832,52.458103314300246,21785500
51.82746887207031,52.650371029347156,40427400
52.7349739074707,51.76594692667451,26987300
53.227169036865234,53.68092198173637,27884000
54.211578369140625,54.342324332244786,19833200
54.111602783203125,54.84990705666245,19791500
54.234642028808594,53.81165838914207,21666900
54.365394592285156,54.957574106916496,21778700
53.6424674987793,53.580940679823115,77006600
52.358123779296875,53.019522386758695,38874000
54.02700424194336,52.55039571214789,32636900
51.92744064331055,53.88087300901764,31934600
51.62751007080078,52.042807312649096,40540800
52.29659652709961,52.21199862213946,36129300
52.7426643371582,52.93493126238769,35705300
53.83473587036133,52.75034765999132,35174600
53.873191833496094,54.39615807606004,30202200
55.74971008300781,54.449989796238015,51158600
56.46323776245117,55.638126856482124,35608400
55.249839782714844,55.007158672856264,26735800
56.47941589355469,56.22055889085081,22070200
55.19322204589844,55.26602268514991,29131700
54.780670166015625,55.24985044407177,27692000
54.16587829589844,54.19823619243074,45903800
53.37313461303711,54.03645610239413,19335700
56.79489517211914,54.02026890359555,37223500
54.966712951660156,56.44705423004483,28773800
56.03449630737305,55.73519659562888,24956700
55.19322204589844,56.34189961276541,28510100
54.12543487548828,54.60269995717231,22128100
52.55611038208008,53.34077238405309,34469300
52.17591094970703,52.92012401229283,33242900
51.682464599609375,51.75526832076322,40922200
50.897804260253906,52.1678223702554,49910300
52.758338928222656,52.13546027715973,24319700
51.50450134277344,52.31343023901918,24525000
52.18400573730469,51.908966698520494,24144700
56.26100540161133,53.83421879055642,49273400
56.75445556640625,56.697824617656146,24797600
55.20939636230469,56.07495002177861,29457800
54.19823455810547,54.80493121360665,31018300
55.290283203125,54.8453760584028,36958800
55.20939636230469,54.42473435694618,65178000
56.99711990356445,54.546066738999535,34136800
56.180110931396484,56.46324099023332,35289700
55.37118148803711,56.18011039901873,44482000
56.64120101928711,56.76254159323511,34529500
55.4682502746582,55.581499818451114,44160700
55.58959197998047,54.76448109062184,18503200
54.76448059082031,54.71594683482005,31646600
55.28219223022461,54.77256929878972,24371000
55.35499954223633,54.95053513119314,34889700
58.275230407714844,55.40353075252109,55575000
59.86073303222656,59.245945397350695,42688100
61.3087158203125,60.02251579120703,41717500
62.255157470703125,61.71317667536825,42621400
60.85572052001953,62.44930518131619,76852200
61.08222198486328,60.96088141748688,83593200
59.85264587402344,61.81025844657418,45515900
59.44818115234375,59.21359103856292,33885800
58.388492584228516,58.445117364567416,32960000
56.48750686645508,58.73632823286714,34091700
57.377323150634766,56.79489339550448,25840500
58.21052551269531,58.48556456027558,27494000
57.52293014526367,57.94357042536692,22651000
58.259056091308594,57.4177754745977,37240700
59.96589660644531,58.0810969765097,36846800
58.186256408691406,59.270218179474284,32035800
58.186256408691406,57.927399405844916,28158100
59.480533599853516,57.66044380220004,40845700
57.36114501953125,58.24287446219819,52613000
54.56224822998047,55.48442662129684,52793500
54.30339813232422,53.389310641613584,39184100
55.953609466552734,56.18010856677857,42670000
54.31957244873047,54.715945849414524,34390300
58.44511032104492,57.55528980653989,61191100
58.137718200683594,58.24287672854293,29445500
59.901187896728516,57.95975728998535,39756500
59.17314529418945,59.94162521592239,42208500
60.305641174316406,57.838406002076674,47658100
66.57485961914062,63.088371408834796,80174100
67.3918685913086,66.6476554413538,43822500
66.68810272216797,67.39995795619558,32935300
67.22198486328125,65.41807701978718,31790500
65.38572692871094,68.23315404834132,44324400
64.64958953857422,63.98626815585751,27745900
64.82754516601562,64.67384673894142,27105100
65.46660614013672,65.46660614013672,22415800
65.88725280761719,65.93579273565751,12420900
65.44234466552734,66.33216515894179,20477000
65.76592254638672,65.19966860903244,16166300
68.30596160888672,67.01976138615791,42574300
69.33329010009766,68.7589513645899,59932800
69.7134780883789,69.90761925521468,34319300
70.21501922607422,70.18266133489836,30213600
70.14221954345703,71.1048468457714,21896500
71.1614761352539,70.36872309979657,21335700
68.6295166015625,69.4950763445026,45441000
69.47080993652344,69.16341918416113,29827900
71.78433990478516,71.23426807452624,37713000
69.64068603515625,71.30708376578717,34995000
69.93452453613281,70.00757294412797,31559400
70.52705383300781,69.60173677824777,34564000
70.75431823730469,70.93288926758113,24782100
69.54491424560547,70.6163342415649,37762100
69.29329681396484,68.99297223488524,27508500
69.60173797607422,69.29330101672699,22657300
69.99945831298828,70.5351714388771,39183700
69.60173797607422,70.03192848527841,19429200
70.06438446044922,69.22023450398095,18656500
70.70561981201172,70.14555724801683,18407500
72.39392852783203,71.4280248465567,26720300
72.23158264160156,72.39392276436885,23314500
72.14230346679688,72.23970754902345,40110800
72.56436920166016,71.97995719368471,12783800
72.43450164794922,72.56437374346889,25332600
72.56436920166016,72.48320224336179,26395300
73.78190612792969,72.6130818906102,29085600
74.9507064819336,73.86305566764723,31420600
75.03189086914062,74.29325722934612,19285800
75.95719909667969,75.07246254250948,19821100
75.6893539428711,76.28999694799518,23834100
76.08706665039062,75.87603379546022,18058600
76.1520004272461,76.04648400292263,16905800
74.8776626586914,74.6747421636814,19563900
74.78025817871094,75.08870129271348,18719500
75.76239776611328,75.53512778836094,16737300
76.08706665039062,76.13577177991782,21712500
76.28998565673828,76.21693725283485,27103900
76.54161071777344,76.58219109987692,13534300
77.3532943725586,76.54972476195135,17439800
78.08380126953125,77.27211931790352,18282900
79.54483032226562,78.32730740916972,26876000
77.3695297241211,79.42308423926477,34682400
77.09355163574219,77.84029751735513,23820000
76.71207427978516,76.54973414996643,20658600
75.85980987548828,77.27213502445399,28818100
72.35334014892578,74.42313193093085,37844400
72.19911193847656,72.85657857416787,22545600
71.29814910888672,71.59035514561516,17888700
71.76892852783203,71.09523091049986,16259700
72.01243591308594,72.32087287749532,14411000
71.74458312988281,72.01243971959435,19782200
70.45399475097656,71.57411359694822,18099100
70.38094329833984,69.73971379507114,13798500
70.697509765625,70.6163427940455,20072400
72.23970031738281,70.69750322938211,28465800
72.39392852783203,72.47509549935634,28740800
71.45236206054688,72.72670249204886,26381400
70.9085464477539,70.6569269865742,16864400
70.57574462890625,70.61633120435634,21485100
69.02543640136719,69.84523693604582,17183900
69.02543640136719,68.63582632575849,14422200
69.25271606445312,69.0416769859144,21127300
72.40203094482422,71.24132545279915,30916600
72.23970031738281,72.40203424553344,21740900
72.48320770263672,73.13254961057268,19783400
69.92640686035156,70.96535884916818,27298600
69.26082611083984,70.49458001832153,20898200
69.8939437866211,69.47998419553889,22274800
68.97674560546875,69.09849296286434,24439300
68.74947357177734,68.66830659773356,21820200
69.03355407714844,68.48161008943026,23460200
69.66202545166016,68.94864867133157,18077900
67.56336975097656,68.01960131564675,34103400
67.81222534179688,67.3725874622549,20573400
68.6251449584961,68.77445653270173,39906400
69.189208984375,68.61684690522222,19650900
68.60856628417969,69.03161689179612,15692200
67.75416564941406,68.01960776804623,18085500
66.01219940185547,67.62143942978304,26000100
65.2573471069336,66.10344821800257,27801900
65.1495132446289,65.95413645113324,14202900
65.83800506591797,65.29882398650805,13866800
66.78363800048828,66.35229063780935,17345200
67.87029266357422,67.77074950100598,14249000
66.60115051269531,67.68780319143869,22468400
66.61772918701172,66.19468502095415,13510200
64.73474884033203,66.32740129782121,20485600
63.78081512451172,64.4941919013515,25382600
63.66468811035156,63.59832600452285,13976800
64.89236450195312,63.66469080668239,13849000
68.31822967529297,66.775345411664,34226000
66.85829162597656,68.64173370705377,32702000
65.95413970947266,66.36059659157696,21361900
65.37347412109375,65.61403201899529,22693200
64.59374237060547,65.9292497672086,21479200
65.1495132446289,65.35689009873252,15193400
63.24993896484375,64.12092426237268,31128000
61.931026458740234,62.9596138782834,31112800
59.691349029541016,59.89042902446701,29754000
58.065513610839844,59.060919884141605,31799200
58.289485931396484,58.89502915662235,25907200
59.52545928955078,57.816669555667126,31717800
60.05633544921875,59.41761122394762,33277500
57.68394470214844,59.14387948163321,37367900
57.23601150512695,58.01575049862225,19958300
55.46086502075195,57.27748824374284,35996200
57.26919174194336,56.149358015979665,27107300
58.04063034057617,58.64616716254436,24917600
58.63787841796875,57.650762615644304,18717400
57.534629821777344,58.80377504409557,24792600
56.414798736572266,56.406501890745865,27709000
56.47285842895508,56.32354686200498,17578100
57.285770416259766,57.484856718983316,21020000
56.10788345336914,57.23601409249795,23990300
57.965972900390625,57.335551854036865,30913100
58.04893493652344,57.965979127467186,23710600
57.41020584106445,58.480271136184534,33892200
56.48945236206055,56.73830711214084,18936200
55.21200942993164,55.991748395718,39413300
53.95945739746094,54.56499423854503,33304700
53.79355239868164,54.581588207911174,36934900
55.0212287902832,55.36962038846074,38181700
54.60647201538086,55.859023595016666,17320700
53.32073211669922,55.01292789143979,39920700
52.930870056152344,53.32073639510588,103408900
54.05070495605469,53.86821231636948,51982400
56.35673522949219,56.40650364872355,39185700
55.892208099365234,56.7963744848209,21478500
56.074703216552734,56.24060850628768,31884200
56.9622688293457,56.07469620827261,27377500
56.70512771606445,57.79178041068925,30056800
55.676544189453125,56.24060952751494,26651200
56.26548385620117,56.65535331487719,34288100
57.252593994140625,57.22770978644809,53775600
57.700531005859375,57.31895837262396,31874100
57.79177474975586,57.56781055297999,39953600
57.567813873291016,57.77519071986005,14894300
56.08299255371094,57.23600726626192,35748700
55.51892852783203,55.63505905334214,27336800
55.220306396484375,55.303255869301886,21394900
54.66454315185547,54.747492632540464,23510900
54.780670166015625,54.38250382424962,15030400
55.43598175048828,55.49404701606504,22737400
53.68571472167969,55.394497774400705,37628600
54.34103012084961,53.68571853259937,24841800
53.27096939086914,54.50693371794142,42992000
54.93827819824219,53.67742339905194,22738400
54.66454315185547,54.614768400532704,12573200
54.18342208862305,54.42397998950359,27363600
53.79355239868164,53.68571871744856,18579200
54.2995491027832,53.48663546281575,57287600
53.47004318237305,53.5032242359095,36698500
55.22860336303711,53.98434228213826,35550200
55.61846923828125,56.40649867358915,22864300
56.91250228881836,56.58899491440427,24187200
56.91250228881836,57.39361809181747,20342500
56.28207778930664,56.68024413980949,15322300
55.92538833618164,56.18253993801098,16950600
55.77607727050781,55.9834541259604,14512600
55.9005012512207,56.53092862549084,20992700
56.240604400634766,55.94198122955153,24852700
57.94108581542969,56.157643787719294,30616400
59.73283386230469,59.47568224667879,31556700
59.52545928955078,59.517162442626706,19066400
58.41390609741211,59.06092081815427,28254500
56.099586486816406,58.08210878325558,45938800
57.368736267089844,56.40650462110064,26065700
56.5723991394043,57.045218079109034,30015700
55.65164566040039,56.19082670931189,29547300
56.00004959106445,55.45257163759282,35512300
56.04151153564453,55.742888399366905,22954300
56.323551177978516,56.11617433735904,23057700
55.95856857299805,55.56869908152095,43405600
55.45256805419922,55.958568071113476,21859000
54.7972526550293,55.41938315775629,28372300
54.34103012084961,54.90509539120178,42335100
52.895565032958984,53.81845847240126,41056900
52.374298095703125,52.938289419493806,28611000
52.16920471191406,52.45974587135886,30508600
52.904109954833984,53.48519234867999,39481200
52.31447982788086,52.2973887869896,34201900
52.382843017578125,52.54520628323903,17695300
53.476646423339844,53.015198082288414,30995800
53.86973190307617,54.04918295345912,19128500
53.15192413330078,53.57064324843101,17821500
53.040836334228516,53.5535545720747,11395300
53.801368713378906,53.34846750376589,14173600
55.518978118896484,54.160271300026366,28625700
55.527523040771484,55.72406185887608,21812600
55.61297607421875,56.031695169294586,31011100
58.86874008178711,56.988771295689915,57288600
59.304561614990234,59.202015359627566,22397800
59.04819107055664,58.95419197936492,19253500
58.09966278076172,59.09092360898006,28466500
57.005863189697266,56.9973160390844,19989200
57.82621383666992,58.19366307960989,19493800
57.78349304199219,58.10821306205997,14201300
57.561309814453125,57.82621280361962,15448400
59.919822692871094,59.21910628674588,62390300
59.4241943359375,60.67181107714784,37901700
58.72347640991211,59.42419282259806,21849000
58.834556579589844,58.680740481203316,43870300
59.22764587402344,59.20201094198717,14372200
57.680946350097656,58.364574988739975,21686000
58.10820770263672,58.44147484289544,17063700
56.911865234375,57.26222670131461,34715000
56.02315139770508,56.14278543208482,24178800
56.14278030395508,56.48459459363241,17109300
56.997318267822266,56.49314719456575,26072300
57.74930953979492,57.518582107345395,19018000
57.24513626098633,57.74931387822473,11175900
56.894775390625,56.46750914080577,15268800
56.28805923461914,56.740960425440576,14377000
56.31369400024414,56.28805906794385,11556300
57.1340446472168,56.30514706203002,22711400
56.7238655090332,56.168424594730155,14392200
57.065677642822266,57.30494569271466,18261700
57.561309814453125,57.09131433086846,13659400
56.90331268310547,57.42457799886836,16302700
57.510047912597656,57.595499870652816,13103300
57.98003005981445,57.253678723209276,24031000
55.85224533081055,57.45876410129111,34907300
55.048980712890625,55.800973466664836,22855500
53.56209945678711,54.10899975662329,58015100
53.45955276489258,53.31428054917686,17595000
54.68153381347656,54.690077703813415,21768800
54.63026428222656,55.28825145423256,26091800
55.80097579956055,54.51917376814521,30936700
57.740760803222656,55.946243855923534,47989100
58.26203155517578,58.450029765874085,26604100
58.962745666503906,57.911667766448524,20961400
60.09073257446289,59.18493009864564,31543500
60.84271240234375,60.88544163587942,28599600
61.09907150268555,60.842709154288706,19096300
59.88563919067383,60.526538565951846,37073000
59.92836380004883,59.91982316886212,21047900
60.21890640258789,60.24454133449335,16542700
61.141815185546875,61.01363398105128,22200500
61.01362609863281,61.52634433080969,14410500
62.902130126953125,61.54342022852557,52233600
63.32086181640625,62.46632925067995,31235400
63.440494537353516,63.431953905961095,24538600
64.99574279785156,64.77356903190916,28810100
66.56808471679688,66.04681935721031,45317800
65.93529510498047,66.81619418913712,33715300
65.52127838134766,65.51247422849927,10279200
64.96630859375,65.6269829184322,16667000
64.57872009277344,64.6932412933932,17312300
64.71966552734375,63.671393325017554,22019000
64.70203399658203,65.0103540476317,15853100
65.05440521240234,65.1953523117307,29712900
66.26123809814453,65.82959937716724,25025200
64.77250671386719,65.39794423908572,22402300
64.17350006103516,64.50824603057727,25179500
63.75067901611328,64.74609271595787,20503900
63.953277587890625,64.0325620069647,17535800
64.12945556640625,64.39372125736911,16083200
64.18231201171875,63.49521175640418,15443400
64.29682922363281,64.83417826073362,11036300
64.3056411743164,63.865191577232046,25288200
64.65798950195312,65.18652757054201,29454300
65.0632095336914,65.23938666938122,23279500
65.37152099609375,65.23938478777394,16333400
65.82958984375,65.80315722648643,21763700
65.61817932128906,65.82959996755268,14147900
67.80281829833984,66.46384763621326,24202600
67.29187774658203,67.9437411603715,26277000
67.52973175048828,67.97018132343727,12149500
68.18160247802734,67.6971052080355,13821200
68.00540924072266,67.82923210536312,16545800
67.87328338623047,68.35777389479172,18021800
67.52091979980469,67.57377159708254,25315100
66.61359405517578,67.32712019368529,18707000
65.75911712646484,66.09385635465608,21082500
65.42438507080078,65.13369342280862,23013300
64.59634399414062,65.2746334634965,15257400
63.627349853515625,64.12065123689898,21354600
63.962093353271484,63.82114625112746,20289100
63.15166473388672,63.60091847938841,16343400
63.02833557128906,62.737637244808084,12745700
62.209102630615234,63.072380065066945,22620300
61.09034729003906,61.90077279665306,43086400
60.78204345703125,61.83911978538432,30490600
59.98923110961914,61.2224912707289,60583000
59.72496795654297,59.460695510427854,23318900
60.95821762084961,60.73799283649578,33886800
61.574859619140625,61.92722066729192,36922100
60.05970764160156,61.66294391455078,47637000
61.22248840332031,59.81305116551875,27397200
60.93179702758789,61.21368450727664,15866100
60.5882453918457,61.13440531072081,34371300
59.689727783203125,59.98923026573221,34753400
59.41664505004883,59.78662780124258,21060300
58.20981979370117,59.249281101471816,32589900
57.707706451416016,58.05125658971797,24103300
58.72954177856445,58.20100365915914,27505600
58.84406280517578,58.86167783012691,19863400
58.32433319091797,59.451883052267945,25812100
58.068870544433594,58.227432660779876,18534800
57.892696380615234,58.13053620700746,12497900
57.707706451416016,57.698895577921085,17360200
59.90113830566406,58.570978793837746,40947100
59.45187759399414,59.05547569250694,12571600
58.148155212402344,58.27148055667545,44417200
58.58860397338867,57.80460427256374,20362800
59.21403884887695,58.87929288807664,35910500
59.354984283447266,60.12136898892175,42133700
57.91912078857422,58.61503194369988,33864400
59.443077087402344,58.579792970714,28141800
58.79120635986328,58.844064878032285,20331500
59.01143264770508,58.62384158870593,20717000
58.914527893066406,58.92333876564625,22423300
58.782405853271484,58.97619802948718,13148000
58.00720977783203,58.13934599924853,24436500
58.80001449584961,58.33313905157337,33510700
58.597408294677734,59.42545564339655,19036200
58.148155212402344,58.31552148207172,23188200
56.34231185913086,57.06464893216866,58622400
55.99125671386719,57.39011824612216,44680100
56.35017776489258,55.770385629570455,32769200
55.63234329223633,56.23053841798055,30085800
54.9973258972168,55.31022917235364,57064200
56.046478271484375,55.669154019209444,21371000
56.506629943847656,56.810328239109964,16888900
56.88395309448242,56.51583033877497,18210000
56.745906829833984,57.454540860701904,18445500
56.092491149902344,56.59865730168409,11058400
55.97285079956055,56.156912176081086,10478200
55.264217376708984,55.503498221964705,27142700
55.7703857421875,55.03414370971657,23927000
55.9820556640625,55.78878928830936,18467000
56.34097671508789,56.69068948836008,16740100
57.00358963012695,56.47901698864409,22583000
56.18452072143555,56.47901752257212,22319900
55.5587158203125,56.046479014361466,22990500
54.95131301879883,55.475885655395146,15379000
57.95150375366211,56.23053394125757,40281300
57.56497573852539,58.55890507442521,37026100
56.69068908691406,57.362513670768756,21206800
56.92996597290039,56.865545019050785,16338700
56.718299865722656,57.79505316506535,25740900
57.04961013793945,57.334901949241825,28567300
56.54343795776367,56.25814615904635,29973800
57.1600456237793,58.01592807993107,34220700
57.3717155456543,57.69382033951921,19932500
58.3104248046875,57.2796859652007,32882400
58.282814025878906,58.006720206721255,27171200
57.776641845703125,57.66620642926187,23160500
58.49448776245117,58.49448776245117,25212800
57.26128005981445,57.684618791516094,27231000
57.26128005981445,57.26128005981445,0
58.80739212036133,57.86868217591221,18487200
58.246002197265625,58.43926506594441,15597400
58.8257942199707,58.62332985036257,17852900
58.89021301269531,59.05586438615643,23681200
59.0650749206543,59.101887900730375,13423600
59.433197021484375,59.58964691900295,21315200
58.89021301269531,58.57730973272888,18245800
59.3687744140625,58.80738877727513,19672800
59.16630554199219,59.58964425708579,13705000
59.516021728515625,59.54362970827461,14504100
59.47920608520508,59.33196119263071,13313500
59.304351806640625,59.313549785024804,21292100
59.73689651489258,59.801317471445834,16647700
60.905677795410156,60.04979537359882,32338800
60.87807083129883,60.868865831391695,22222300
60.70321273803711,61.43025328236891,23042800
60.22465515136719,60.740022794913855,17404000
59.86573791503906,60.0221878051339,16445800
59.89334487915039,59.81971892457896,11731900
60.0958137512207,59.736895993363554,5119400
58.79818344116211,60.07740460059906,22173900
58.199989318847656,58.38404719270222,16496900
58.163177490234375,57.8778821630306,23383600
56.939170837402344,57.83186626606899,18846500
56.35938262939453,56.49742603511495,19865100
55.5587158203125,56.230536887624886,18000800
56.33176803588867,55.92683581980296,17888300
55.59553146362305,55.853215307084305,14822100
56.20293045043945,55.77038671291201,14762900
56.12010192871094,55.586327772581534,24588400
55.3470458984375,56.28575578745008,21969600
55.9820556640625,55.51269897953468,13692600
55.788795471191406,56.00046484839988,12282100
55.56792068481445,55.25501738607957,13976100
55.82560348510742,55.54030817042368,12239900
56.000457763671875,55.687554482454246,8744100
56.506629943847656,56.18452164869683,19497200
55.9820556640625,56.166113529459786,39134100
56.046478271484375,55.65074752999129,13669000
55.816402435302734,56.1293057307266,13962500
56.506629943847656,56.2029281379065,17096700
56.65387725830078,56.55264332493216,13755300
57.26128005981445,56.76431536920177,22429400
58.10795211791992,57.712221402281976,20236800
57.91469192504883,58.05273883617922,24335300
59.0650749206543,58.40245532200087,29884200
58.77057647705078,59.48841201529916,7984300
58.53129577636719,58.255205454065994,13138400
58.07114028930664,58.05273731160609,18662500
57.997520446777344,57.95150597910552,9794400
57.21525955200195,57.67541124282653,17384000
57.06800842285156,57.44533265086008,13413600
57.90549087524414,57.123234353954494,13141700
57.96990966796875,57.79504978431234,10198000
57.362510681152344,57.32569770382543,22363900
56.8287353515625,56.948375777397985,23145000
56.29495620727539,56.78271938713093,20625500
56.24894332885742,56.322569286642775,20553900
56.18452072143555,56.24894167726675,13095200
55.42987060546875,55.77038186355289,22512000
55.7703857421875,55.457482439552486,17817300
55.742774963378906,55.678354008190674,17959500
56.57105255126953,56.552646061522836,72721200
56.67228317260742,56.773513594270966,28005900
55.42066955566406,56.16611303168123,28562300
56.718299865722656,56.05568029032476,34433100
55.448280334472656,56.92076438306676,40469400
54.67522430419922,55.80719705354376,35296000
54.39267349243164,53.715389240035805,24635900
54.6693115234375,54.12557587280232,23930200
54.56437683105469,54.66930890578916,19243400
54.230506896972656,54.40221328313441,14584800
54.43083190917969,54.488064943672846,21989300
54.15419006347656,54.46898265030568,18421500
53.91571044921875,54.364055274430584,26100900
53.419673919677734,53.38151613639275,51693500
53.63907241821289,53.32427982277695,28153700
53.49598693847656,53.371975968169686,44280200
54.354515075683594,53.915711506490226,28349600
54.56437683105469,54.73608320081543,19475800
55.61369323730469,55.56599782961389,23200300
55.69001007080078,55.55646147065035,17719100
54.755165100097656,55.57553557535584,24018700
55.37520980834961,55.80447573408938,17168700
57.04457473754883,56.949183926454864,35232600
56.6343879699707,56.6343879699707,21280300
56.5676155090332,56.672547588496656,19175500
56.834712982177734,56.395905799535704,36685200
56.03342056274414,56.10973248590815,13155000
53.94432830810547,55.27982155236296,29504400
54.36405563354492,54.087417180462296,19501800
54.755165100097656,54.26866247939456,16585500
54.06834030151367,54.85055664428325,17917900
54.06834030151367,54.4785273640546,10204400
53.419673919677734,54.22096917402996,17580600
54.93640899658203,54.1255761489164,25592400
55.43244552612305,55.42290426186704,17929800
55.80447769165039,55.42290715784637,15045100
55.80447769165039,55.737703394073634,10548000
55.53738021850586,55.68046643875894,12056600
54.88871383666992,54.936409244584446,14429800
55.54691696166992,55.87125081692019,19328400
54.70746612548828,55.05087888433692,30842600
54.879173278808594,54.45944858925602,18164700
57.559696197509766,57.435685226890904,44910100
57.81725311279297,57.9221851878171,21557700
61.28953170776367,59.71555784257747,61449300
61.01289367675781,61.7187944214337,37237900
60.5836296081543,62.31023102033752,28980300
60.87934494018555,60.57408997473406,18091500
61.213218688964844,61.451699366990596,20310600
60.039894104003906,60.69810310332783,26675400
59.60108947753906,60.020814152836934,16268300
60.12574768066406,60.001740347496295,22467400
58.30375289916992,58.008039198720766,38028100
58.151126861572266,57.87448840550152,22758400
58.427764892578125,58.618550158788125,17192100
59.26721954345703,58.179748226152086,20939400
59.07643127441406,59.44846053367605,44954000
58.3514518737793,58.284677573534374,25559300
59.4675407409668,59.076432582960834,29731800
57.96034240722656,58.20836435026186,20345200
57.76001739501953,58.37052732639324,21823500
57.55015563964844,58.5231535474684,19044900
57.62647247314453,57.37845416232279,14814000
56.61531066894531,57.13042979919139,18289900
56.949188232421875,56.60577546423603,11331700
58.885650634765625,57.779100395698244,38466000
59.982662200927734,59.62017054511404,16572400
59.772796630859375,60.33561117313021,14941700
59.591552734375,59.620169251159126,12263300
59.200443267822266,59.46754045573754,16553300
59.17182159423828,59.27675366934824,15236400
59.78233337402344,59.52477744938226,12360000
59.25767517089844,60.049432732739675,16368800
58.58993148803711,58.47546178098133,19726800
60.63132858276367,59.1622867402578,38173300
57.836334228515625,59.13366968069399,48764700
55.947566986083984,56.996880485049964,24483700
54.67885208129883,55.880796791624554,26967600
54.526222229003906,54.67884971780531,20354900
54.22096633911133,54.526221311578105,17967600
54.898250579833984,54.45944701179481,14300000
55.02226257324219,55.13673228031117,12902100
54.965023040771484,54.85055333965762,15428500
55.49922180175781,54.7933174175798,12590500
55.489681243896484,55.49922250861468,17444500
54.78377914428711,55.60415322144354,21406600
55.45153045654297,55.203508503832936,22121200
54.879173278808594,55.23212730756163,20467000
56.07157516479492,55.565997298041694,31023600
56.20512008666992,56.13834579312116,18972100
55.77586364746094,56.567617627647664,15957500
54.68838882446289,55.70908579783899,25109200
55.1367301940918,54.812396337229586,14160000
54.19234848022461,54.82193730020777,17897900
57.07319641113281,55.804477484041776,40440600
57.015960693359375,56.987344176576045,13089300
56.12881088256836,56.75839970856854,30138500
54.579795837402344,55.24387964955627,28841800
53.76172637939453,54.358436235594006,18532800
53.732852935791016,53.75209844261274,18958500
54.00233459472656,53.78097455014676,22987600
52.75116729736328,53.67510583123477,34658200
51.7502326965332,52.953278824856724,29529900
52.568302154541016,51.41337714675131,64919500
52.7896614074707,52.616422475331916,18587900
52.94365310668945,52.789663347064355,13155800
52.683799743652344,52.67417331825927,16635300
52.50093460083008,52.8377897343295,11250900
52.21220397949219,52.65492409062335,17623900
51.240142822265625,51.875351037477756,23608700
50.58568572998047,51.47112593223424,21689500
50.09484100341797,50.65305617986869,22070200
49.61362075805664,50.07559002294526,24423800
49.305641174316406,50.09483912624531,15865200
49.58475112915039,49.604000308340396,25833900
49.57512283325195,50.04671852709876,30845300
49.90235137939453,49.99859727143343,21379000
50.62417984008789,50.18145974400126,35137700
50.691551208496094,50.32582781946279,220262800
52.44318771362305,51.15352213509874,54658700
52.250701904296875,52.18333161278881,12317600
51.990840911865234,52.25069931110196,28798700
50.68192672729492,52.24107346869231,34645400
50.354698181152344,50.96103445454274,25097300
51.038028717041016,50.62418054753161,20520600
51.9330940246582,50.90328683969752,24531300
50.672306060791016,51.57699545735083,22932900
50.81666946411133,50.81666946411133,19220300
52.9629020690918,51.29788665263667,40562400
52.13520431518555,52.92440593883597,25477600
52.1737060546875,51.71173676035125,27216400
51.990840911865234,52.096709556525234,32648700
52.26995086669922,51.88497462704518,21674800
53.059146881103516,53.3190052824982,32789000
52.770416259765625,53.22275909995667,24395500
53.319007873535156,52.80891379945888,15566300
53.08802032470703,52.84741109486855,18198300
52.73191833496094,52.94365195521201,35432600
52.79928970336914,52.789663278239544,21749900
53.578861236572266,53.1457675624252,49803200
53.290130615234375,53.549989021193525,12391400
53.646236419677734,53.511492164678124,27608200
53.59811019897461,53.22276039148001,26472500
55.571109771728516,54.66641671079014,76934000
55.9753303527832,55.72509837243292,37134700
55.465240478515625,55.917583332328554,19081700
54.926273345947266,55.147633391397925,19554800
54.58942413330078,55.21500593826763,25399100
54.18519592285156,54.32956292424798,18658000
53.07839584350586,53.83871819478276,46789400
53.501869201660156,54.04083520533575,13843400
54.08895492553711,53.549988935733225,17678400
54.87815475463867,53.87721945598761,25480600
53.9900016784668,54.22999954223633,23626600
54.439998626708984,54.08000183105469,23060100
53.7599983215332,54.5,18825700
54.5,53.880001068115234,20584600
56.290000915527344,55.20000076293945,31789300
57.099998474121094,56.290000915527344,23191800
57.52000045776367,57.20000076293945,18165300
57.41999816894531,57.349998474121094,23211900
57.2400016784668,57.040000915527344,17283200
57.45000076293945,56.95000076293945,30524100
57.150001525878906,57.95000076293945,18646500
57.34000015258789,57.31999969482422,15615800
57.689998626708984,57.400001525878906,29401600
58.150001525878906,58.0,15345300
57.560001373291016,58.099998474121094,31146000
56.70000076293945,56.720001220703125,20469300
57.189998626708984,57.099998474121094,12354800
56.93000030517578,57.209999084472656,13197700
54.869998931884766,56.0,32351100
52.68000030517578,53.220001220703125,45819600
52.04999923706055,51.709999084472656,35942800
49.20000076293945,52.349998474121094,46815300
51.849998474121094,49.150001525878906,56491900
52.779998779296875,52.099998474121094,38010400
53.65999984741211,52.560001373291016,22129900
54.36000061035156,54.400001525878906,19994800
53.810001373291016,54.380001068115234,17471900
52.560001373291016,53.52000045776367,23105900
52.880001068115234,52.779998779296875,23172400
53.81999969482422,53.15999984741211,16780900
54.459999084472656,54.900001525878906,18377400
55.310001373291016,54.45000076293945,19621700
53.849998474121094,54.5,26162200
54.040000915527344,53.900001525878906,12001900
53.84000015258789,54.209999084472656,11816200
52.86000061035156,52.599998474121094,18774400
52.79999923706055,53.2599983215332,17135800
52.959999084472656,52.900001525878906,12201600
53.0,52.9900016784668,12065000
52.900001525878906,53.54999923706055,11240100
52.7400016784668,52.900001525878906,15414600
52.95000076293945,53.0,15558800
54.279998779296875,54.560001373291016,26482400
55.16999816894531,54.4900016784668,21187200
54.900001525878906,55.5,16297800
55.45000076293945,55.0,13955400
55.4900016784668,55.20000076293945,18163800
55.34000015258789,55.0,14475200
55.349998474121094,55.33000183105469,10499200
54.63999938964844,55.150001525878906,14486300
54.22999954223633,54.619998931884766,18476000
54.31999969482422,54.0,14747300
54.0099983215332,53.939998626708984,7194500
53.84000015258789,54.0,17943000
53.40999984741211,53.7400016784668,17700600
53.45000076293945,53.72999954223633,10246100
52.099998474121094,53.349998474121094,28286100
52.560001373291016,52.58000183105469,19267700
52.529998779296875,51.93000030517578,12824900
52.77000045776367,52.619998931884766,11714700
52.90999984741211,53.0,12594000
52.97999954223633,53.150001525878906,16638900
53.290000915527344,52.88999938964844,13029200
53.650001525878906,53.29999923706055,18890600
53.18000030517578,53.810001373291016,13639700
52.83000183105469,52.900001525878906,11136800
52.130001068115234,52.06999969482422,13264900
53.83000183105469,52.310001373291016,41210000
51.40999984741211,53.630001068115234,43657300
51.2400016784668,53.630001068115234,20499000
49.91999816894531,51.2400016784668,39947200
50.54999923706055,50.02000045776367,17288800
50.540000915527344,50.7400016784668,18576300
50.47999954223633,50.25,23319900
52.0,50.84000015258789,40488400
52.869998931884766,52.189998626708984,26016900
52.650001525878906,52.790000915527344,19961900
53.36000061035156,52.599998474121094,21844300
55.29999923706055,53.810001373291016,63100200
55.040000915527344,55.5,18256300
55.20000076293945,55.029998779296875,5449600
54.38999938964844,55.04999923706055,13174500
54.58000183105469,54.52000045776367,26632000
54.040000915527344,54.70000076293945,12209400
55.279998779296875,55.34000015258789,46597200
56.0,55.20000076293945,18313200
55.36000061035156,55.86000061035156,15141300
53.90999984741211,54.93000030517578,25029100
54.400001525878906,54.099998474121094,26394100
54.29999923706055,54.400001525878906,20252800
54.560001373291016,54.04999923706055,23714000
56.04999923706055,55.45000076293945,40484000
57.5,56.95000076293945,40945900
57.41999816894531,57.45000076293945,17914800
56.529998779296875,56.939998626708984,21651200
55.70000076293945,56.18000030517578,21918900
55.15999984741211,54.939998626708984,19175100
54.81999969482422,55.54999923706055,14648700
